"id","code","description","description@ro"
"l10n_ro_saft_tax_type_000","000","Transactions not relevant to be reported for taxes and import operations","Tranzacții care nu sunt relevante pentru a fi raportate pentru taxe și operațiuni de import"
"l10n_ro_saft_tax_type_100","100","Income tax","Impozit pe venit"
"l10n_ro_saft_tax_type_101","101","Payments from net revenue of National Bank of Romania","Varsaminte din veniturile nete ale Bancii Nationale a Romaniei"
"l10n_ro_saft_tax_type_102","102","Advance payments for annual income tax due by commercial banks, Romanian legal persons and Romanian bank subsidiaries, foreign legal persons","Plati anticipate in contul impozitului pe profit anual datorat de bancile comerciale,persosne juridice romane si sucursalele din Romania ale bancilor, persoane juridice straine"
"l10n_ro_saft_tax_type_103","103","Income tax/ advance payments for annual income tax due by Romanian legal persons, others than those from section 1 and legal persons with headquarters in Romania","Impozit pe profit /plăţi anticipate în contul impozitului pe profit anual datorat /datorate de persoane juridice române, altele decât cele de la pct.1, precum şi de persoanele juridice cu sediul social în România"
"l10n_ro_saft_tax_type_104","104","Annual tax income","Impozit pe profit anual"
"l10n_ro_saft_tax_type_105","105","Income tax due by foreign legal persons, other than those from section 1, due by foreign legal persons that carry out activities by means of a permanent office in Romania","Impozit pe profit datorat de persoane juridice străine, altele decât cele de la pct.1, datorate de către persoanele juridice străine care desfăşoară activitate prin intermediul unui sediu permanent în România"
"l10n_ro_saft_tax_type_106","106","Tax on profit from natural persons in association","Impozit pe profit din asociere datorat de persoane fizice"
"l10n_ro_saft_tax_type_107","107","Corporate Income Tax exempted","Impozit pe profit scutit"
"l10n_ro_saft_tax_type_110","110","Romanian fund","Fondul Romania"
"l10n_ro_saft_tax_type_111","111","Income tax exempted according to art. 38 paragraph(1) from the Fiscal Code","Impozit pe profit scutit conform art.38 alin(1) din Codul fiscal"
"l10n_ro_saft_tax_type_112","112","Income tax exempted according to art. 38 paragraph(3) from the Fiscal Code","Impozit pe profit scutit conform art.38 alin(3) din Codul fiscal"
"l10n_ro_saft_tax_type_113","113","Income tax exempted according to art. 38 paragraph(8), (9) or (11) from the Fiscal Code","Impozit pe profit scutit conform art.38 alin(8), (9) sau (11) din Codul fiscal"
"l10n_ro_saft_tax_type_114","114","Additional 20% share of investment value according to art. 38 paragraph(13) from the Fiscal Code","Cota suplimentara de 20% din valoarea investitiilor prevazute la art.38 alin(13) din Codul fiscal"
"l10n_ro_saft_tax_type_120","120","Micro-enterprises' income tax","Impozit pe veniturile microintreprinderilor"
"l10n_ro_saft_tax_type_121","121","Micro-enterprise income tax","Impozit pe veniturile microintreprinderi"
"l10n_ro_saft_tax_type_122","122","Tax on income from micro-enterprises created by the association of a natural person with a legal person, not generating a legal person","Impozit pe veniturile persoanelor fizice dintr-o asociere cu o persoană juridică microîntreprindere, care nu generează o persoană juridică"
"l10n_ro_saft_tax_type_127","127","Micro-enterprise Income Tax exempt","Impozit pe veniturile microintreprinderilor scutit"
"l10n_ro_saft_tax_type_128","128","Additional offshore Corporate Income Tax","Impozit asupra veniturilor suplimentare offshore"
"l10n_ro_saft_tax_type_130","130","Specific Corporate Income Tax","Impozit specific"
"l10n_ro_saft_tax_type_140","140","Tax on income generated in Romania by nonresident - legal persons, collected until 31.01.2014","Impozit pe veniturile obtinute din Romania de nerezidenti - persoane juridice, incasate pana la 31.01.2014"
"l10n_ro_saft_tax_type_150","150","Tax on income from dividends for legal persons","Impozit pe veniturile din dividende distribuite persoanelor juridice"
"l10n_ro_saft_tax_type_155","155","Tax on income of attorneys and public notaries","Impozitul pe onorariul avocatilor si notarilor publici"
"l10n_ro_saft_tax_type_160","160","Income tax for Romanian offices of foreign commercial and economic organizations","Impozitul pe venitul reprezentantelor din Romania ale societatilor comerciale si organizatiilor economice straine"
"l10n_ro_saft_tax_type_161","161","Tax on additional income obtained by electricity producer","Impozit pe venitul suplimentar realizat de producătorii de energie electrică"
"l10n_ro_saft_tax_type_162","162","Tax on income from the sale of agricultural land located outside the village","Impozit pe veniturile din instrainarea prin vanzare a terenurilor agricole situate in extravilan"
"l10n_ro_saft_tax_type_200","200","Excise","Accize"
"l10n_ro_saft_tax_type_210","210","Excise duty collected from the sale of alcohol, distilates and alchoholic berevages, due until 31.12.2006","Accize incasate din vanzarea de alcool, distilate si bauturi alcoolice, datorate pana la 31.12.2006"
"l10n_ro_saft_tax_type_211","211","Excise duty on beer","Accize pentru bere"
"l10n_ro_saft_tax_type_212","212","Excise duty on sparkling wines","Accize pentru vinuri spumoase"
"l10n_ro_saft_tax_type_213","213","Excise duty on fermented, sparking beverages, other than beer and wine","Accize pentru bauturi fermentate, spumoase, altele decat bere si vinuri"
"l10n_ro_saft_tax_type_214","214","Excise duty on intermediate products","Accize pentru produse intermediare"
"l10n_ro_saft_tax_type_215","215","Excise duty on ethyl alcohol","Accize pentru alcool etilic"
"l10n_ro_saft_tax_type_216","216","Excise duty on still wines","Accize pentru vinuri liniştite"
"l10n_ro_saft_tax_type_217","217","Excise duty on still fermented beverages, other than beer and wine","Accize pentru băuturi fermentate liniştite, altele decât bere şi vinuri"
"l10n_ro_saft_tax_type_218","218","Excise duty on the sales of still fermented beverages other than beer and wine  due until 31.01.2011","Accize din vanzarea de bauturi fermentate linistite, altele decât bere si vinuri, datorate pana la data de 31.01.2011"
"l10n_ro_saft_tax_type_220","220","Excise duty on sales of tobacco products","Accize din vanzarea produselor din tutun"
"l10n_ro_saft_tax_type_221","221","Excise duty on cigarettes","Accize pentru tigarete"
"l10n_ro_saft_tax_type_222","222","Excise duty on cigaretts and cigarette sheets","Accize pentru tigari si tigati foi"
"l10n_ro_saft_tax_type_223","223","Excise duty on smoking tobacco","Accize pentru tutun de fumat"
"l10n_ro_saft_tax_type_224","224","Excise duty on fine-cut smoking tobacco for cigar rolling","Accize pentru tutun de fumat fin tăiat, destinat rulării în ţigarete"
"l10n_ro_saft_tax_type_225","225","Excise duty on other smoking tobacco","Accize pentru alte tutunuri de fumat"
"l10n_ro_saft_tax_type_226","226","Excise duties on heated tobacco products","Accize pentru produse din tutun încălzit"
"l10n_ro_saft_tax_type_227","227","Excise duty on liquids containing nicotine for inhalation by means of an electronic device such as an electronic cigarette","Accize pentru lichidele cu conținut de nicotină destinate inhalării cu ajutorul unui dispozitiv electronic tip țigaretă electronică"
"l10n_ro_saft_tax_type_230","230","Excise duty collected from the sale of energy products","Accize incasate din vanzarea produselor energetice"
"l10n_ro_saft_tax_type_231","231","Excise duty on leaded petrol","Accize pentru benzina cu plumb"
"l10n_ro_saft_tax_type_232","232","Excise duty on unleaded petrol and denatured bioethanol used as motor fuel ","Accize pentru benzină fără plumb şi bioetanol denaturat şi utilizat drept combustibil pentru motor"
"l10n_ro_saft_tax_type_233","233","Excise duty on diesel and biodiesel","Accize pentru motorină şi biodiesel"
"l10n_ro_saft_tax_type_234","234","Excise duty on fuel oil","Accize pentru pacura"
"l10n_ro_saft_tax_type_235","235","Excise duty on liquefied petroleum gas","Accize pentru gaz petrolier lichefiat"
"l10n_ro_saft_tax_type_236","236","Excise duty on natural gas","Accize pentru gaz natural"
"l10n_ro_saft_tax_type_237","237","Excise duty on coal and coke","Accize pentru carbune si cocs"
"l10n_ro_saft_tax_type_238","238","Excise duty on lamp oil (kerosene)","Accize pentru petrol lampant (kerosen)"
"l10n_ro_saft_tax_type_239","239","Excise duty on mineral oils due until 31.12.2006","Accize din vanzarea uleiurilor minerale datorate pana la 31.12.2006"
"l10n_ro_saft_tax_type_240","240","Excise duty on coffee","Accize pentru cafea"
"l10n_ro_saft_tax_type_241","241","Excise duty to be refunded/offset from the sale of diesel ","Accize de restituit/de compensat din vanzarea de motorina"
"l10n_ro_saft_tax_type_242","242","Excise duty on roasted coffee including coffee with substitutes","Accize pentru cafea prajită, inclusiv cafea cu înlocuitori"
"l10n_ro_saft_tax_type_243","243","Excise duty on instant coffee including instant coffee blends","Accize pentru cafea solubilă, inclusiv amestecuri cu cafea solubilă"
"l10n_ro_saft_tax_type_244","244","Excise duty on green coffee","Accize pentru cafea verde"
"l10n_ro_saft_tax_type_250","250","Excise duty on the sales of other products due until 30 September 2013","Accize incasate din vanzarea altor produse datorate pana la data de 30 septembrie 2013"
"l10n_ro_saft_tax_type_251","251","Excise duty on beer / beer base in mixtures with non-alcoholic beverages, in which the share of Plato grades derived from malt, malleable and / or non-malleable cereals is less than 30% of the total number of Plato grades","Accize pentru berea/baza de bere din amestecul cu băuturi nealcoolice, la care ponderea gradelor Plato provenite din malţ, cereale malţificabile şi/sau nemalţificabile este mai mică de 30% din numărul total de grade Plato"
"l10n_ro_saft_tax_type_252","252","Excise duties on fermented beverages other than beer and wine, in which the absolute alcohol content (100%) resulting from the exclusive fermentation of fruit, fruit juices and concentrated fruit juices is less than 50%","Accize pentru băuturile fermentate, altele decât bere şi vinuri, la care ponderea de alcool absolut (100%) provenită din fermentarea exclusivă a fructelor, sucurilor de fructe şi sucurilor concentrate de fructe este mai mică de 50%"
"l10n_ro_saft_tax_type_253","253","Excise duty on gold and / or platinum jewelery, except wedding rings","Accize pentru bijuterii din aur şi/sau din platină, cu excepţia verighetelor"
"l10n_ro_saft_tax_type_254","254","Excise duty on garments made of natural furs","Accize pentru confecţii din blănuri naturale"
"l10n_ro_saft_tax_type_255","255","Excise duty on yachts and other ships and boats with or without motor for pleasure, other than for use in performance sports","Accize pentru iahturi şi alte nave şi ambarcaţiuni cu sau fără motor pentru agrement, cu excepţia celor destinate utilizării în sportul de performanţă"
"l10n_ro_saft_tax_type_256","256","Excise duty on on passenger cars and off-road vehicles with a cylinder capacity of 3,000 cm3 or more","Accize pentru autoturisme şi autoturisme de teren a căror capacitate cilindrică este mai mare sau egală cu 3.000 cm3"
"l10n_ro_saft_tax_type_257","257","Excise duty on hunting weapons and weapons for personal use, other than for military or sporting use","Accize pentru arme de vânătoare şi arme de uz personal, altele decât cele de uz militar sau de uz sportiv"
"l10n_ro_saft_tax_type_258","258","Excise duty on bullet cartridges and other ammunition for hunting and personal use weapons, other than for military or sporting use","Accize pentru cartuşe cu glonţ şi alte tipuri de muniţie pentru armele de vânătoare şi arme de uz personal, altele decât cele de uz militar sau de uz sportiv"
"l10n_ro_saft_tax_type_259","259","Excise duty on engines of more than 100 hp, for yachts and other pleasure craft","Accize pentru motoare cu capacitate de peste 100 CP, destinate iahturilor şi altor nave şi ambarcaţiuni pentru agrement"
"l10n_ro_saft_tax_type_260","260","Excise duty collected from the sale of cars from domestic production","Accize incasate din vanzarea autoturismelor din productia interna"
"l10n_ro_saft_tax_type_261","261","Excise duty for cars which were the subject of leases entered into before 1st January 2007","Accize pentru autoturismele care au făcut obiectul unor contracte de leasing iniţiate înainte de 1 ianuarie 2007"
"l10n_ro_saft_tax_type_270","270","Excise duty on electricity","Accize pentru energie electrica"
"l10n_ro_saft_tax_type_275","275","Excise duty on other excise goods (energy)","Accize pentru alte produse  accizabile (energetice)"
"l10n_ro_saft_tax_type_280","280","Excise duty collected from the sale of air conditioners","Accize incasate din vanzarea  aparatelor de aer conditionat"
"l10n_ro_saft_tax_type_283","283","Excisescollected when issuing fiscal banners for alcoholic beverages","Accize incasate la eliberarea banderolelor fiscale pentru bauturi alcoolice"
"l10n_ro_saft_tax_type_290","290","Excise duty to be reimbursed","Accize de rambursat"
"l10n_ro_saft_tax_type_300","300","Value-added tax (VAT)","Taxa pe valoarea adaugata"
"l10n_ro_saft_tax_type_301","301","Monthly - value-added tax (VAT)","Taxa pe valoarea adaugata- lunar"
"l10n_ro_saft_tax_type_302","302","Quarterly - value-added tax (VAT)","Taxa pe valoarea adaugata- trimestrial"
"l10n_ro_saft_tax_type_303","303","Half-yearly - value-added tax (VAT)","Taxa pe valoarea adaugata- semestrial"
"l10n_ro_saft_tax_type_304","304","Annual - value-added tax (VAT)","Taxa pe valoarea adaugata- anuala"
"l10n_ro_saft_tax_type_305","305","Interest and penalties on late payment of VAT","Dobanzi si penalitati de intarziere aferente T.V.A."
"l10n_ro_saft_tax_type_307","307","VAT to be paid as a result of adjustments","TVA de plata la bugetul de stat, rezultata ca urmare a ajustarilor"
"l10n_ro_saft_tax_type_344","344","Amounts deducted from VAT for state pre-university educational institutions, nurseries, county and local centers of agricultural consulting and support for child protection system","Sume defalcate din tva pentru institutiile de invatamant preuniversitar de stat, crese, centre judetene si locale de consultante agricola precum si pentru sustinerea sistemului de protectie a copilului"
"l10n_ro_saft_tax_type_390","390","Reimbursement of the VAT","Taxa pe valoarea adaugata rambursare"
"l10n_ro_saft_tax_type_410","410","Social insurance contribution","Contributia de asigurari sociale"
"l10n_ro_saft_tax_type_411","411","Social insurance contribution by the employer","Contributia de asigurari sociale datorata de angajator"
"l10n_ro_saft_tax_type_412","412","Social insurance contribution deducted from the insured persons","Contributia individuala de asigurari sociale retinuta de la asigurati"
"l10n_ro_saft_tax_type_413","413","Social insurance contribution for people whose duties are paid from the Unemployment Insurance Fund","Contributia de asigurari sociale datorata pentru persoane pentru care plata drepturilor se suporta din bugetul asigurarilor pentru somaj"
"l10n_ro_saft_tax_type_414","414","Contribution to supplementary pension retained from people included in the social insurance system","Contributia pentru pensia suplimentara retinuta de la persoanele cuprinse in sistemul de asigurari sociale"
"l10n_ro_saft_tax_type_415","415","Farmers' contribution to the pension fund and social insurance","Contributia la fondul de pensii si asigurari sociale ale agricultorilor"
"l10n_ro_saft_tax_type_416","416","Social insurance contribution for work accidents and professional illnesses caused by the employer","Contributia de asigurare pentru accidente de munca si boli profesionale datorata de angajator"
"l10n_ro_saft_tax_type_417","417","Contribution for Social insurance fund","Contributia pentru asigurari sociale"
"l10n_ro_saft_tax_type_418","418","Social insurance contribution for work accidents and professional illnesses for unemployed people","Contributia de asigurare pt.accidente de munca si boli profesionale pt. someri"
"l10n_ro_saft_tax_type_419","419","Individual social insurance contribution by people who obtain professional income other than salary","Contribuţia individuală de asigurări sociale datorată de persoanele care realizează venituri de natură profesională, altele decât cele de natură salarială"
"l10n_ro_saft_tax_type_420","420","Contribution to unemployment fund","Contributia de asigurari pentru somaj"
"l10n_ro_saft_tax_type_421","421","Contribution to unemployment fund by the employer","Contributia de asigurari pentru somaj datorata de angajator"
"l10n_ro_saft_tax_type_422","422","Contribution to unemployment fund deducted from the insured persons","Contributia individuala de asigurari pentru somaj retinuta de la asigurati"
"l10n_ro_saft_tax_type_423","423","The employer's contribution to the Guarantee Fund for salary payment","Contributia angajatorilor la Fondul de garantare pentru plata creantelor salariale"
"l10n_ro_saft_tax_type_424","424","Individual contribution to unemployment fund by people who obtain professional income other than salary","Contribuţia individuală de asigurări pentru şomaj datorată de persoanele care realizează venituri de natură profesională, altele decât cele de natură salarială"
"l10n_ro_saft_tax_type_430","430","Health insurance contribution","Contributia pentru asigurari de sanatate"
"l10n_ro_saft_tax_type_431","431","Health insurance contribution by the employer","Contributia pentru asigurari de sanatate datorata de angajator"
"l10n_ro_saft_tax_type_432","432","Health insurance contribution deducted from the insured persons","Contributia pentru asigurari de sanatate retinuta de la asigurati"
"l10n_ro_saft_tax_type_433","433","Health insurance contribution for people whose duties are paid from the Unemployment Insurance Fund","Contributia pentru asigurari de sanatate datorata pentru persoane pentru care plata drepturilor se suporta din bugetul asigurarilor pentru somaj"
"l10n_ro_saft_tax_type_434","434","Health insurance contribution for people in ongoing military service","Contributia pentru asigurari de sanatate datorata pentru persoanele care satisfac stagiul militar in termen"
"l10n_ro_saft_tax_type_435","435","Health insurance contribution for people who perform custodial sentence or remand","Contributia pentru asigurari de sanatate datorata pentru persoanele care executa pedepse privative de libertate sau aflate in arest preventiv"
"l10n_ro_saft_tax_type_436","436","Health insurance contribution for sick leaves which is deducted from social insurance contribution by the employer","Contributia pentru asigurari de sanatate calculata pentru concediile medicale care se deduce din contributia de asigurari sociale datorata de angajator"
"l10n_ro_saft_tax_type_437","437","Health insurance contribution for persons in parental leave up to the age of 2 and for a disabled child up to the age of 3","Contributia de asigurari de sanatate pentru persoanele aflate in concediu pentru cresterea copilului pana la implinirea varstei de 2 ani si in cazul copilului cu handicap pana la implinirea varstei de 3 ani"
"l10n_ro_saft_tax_type_438","438","Health insurance contribution for people in sick leave, according to the Law no. 95/2006 regarding healthcare reform","Contributia de asigurari sociale de sanatate, datorata pentru persoanele care se afla in concediu medical, conform Legii nr.95/2006 privind reforma in domeniul sanatatii"
"l10n_ro_saft_tax_type_439","439","Contribution for vacation and compensation from natural or legal persons","Contributii pentru concedii si indemnizatii de la persoane juridice sau fizice"
"l10n_ro_saft_tax_type_440","440","Contribution for vacation and compensation by unemployed people","Contributii pt. concedii si indemnizatii datorate de persoanele aflate in somaj"
"l10n_ro_saft_tax_type_441","441","Health insurance contribution by retirees for income that exceeds the threshold required by law","Contributia pentru asigurari sociale de sanatate datorate de pensionari pentru partea de venit care depaseste plafonul prevazut de lege"
"l10n_ro_saft_tax_type_442","442","Contribution for vacation and compensation by people which are unable to work due to a work accident or professional illnesses","Contributia pentru concedii si indemnizatii datorate de persoanele aflate in incapacitate de munca din cauza de accident de munca sau boala profesionala"
"l10n_ro_saft_tax_type_443","443","Contribution for vacation and compensation by people which are unable to work due to a work accident or professional illnesses accounted for from the insurance fund for work accidents and professional illnesses","Contributia pentru concedii si indemnizatii datorate de persoanele aflate in incapacitate de munca din cauza de accident de munca sau boala profesionala suportata din fondul de asigurare pentru accidente de munca si boli profesionale"
"l10n_ro_saft_tax_type_444","444","Health insurance contribution for people from families that are entitled to welfare, according to Law no. 416/2001 regarding the minimum guaranteed income, with subsequent amendments","Contributia de asigurari sociale de sanatate datorata pentru persoanele care fac parte dintr-o familie care are dreptul la ajutor social, potrivit Legii nr. 416/2001 privind venitul minim garantat, cu modificarile si completarile ulterioare"
"l10n_ro_saft_tax_type_445","445","Individual health insurance contribution for persons located in detention centers for deportation, and for persons undergoing procedures to establish their identity that are accommodated in special centers","Contribuţia individuală de sănătate datorată pentru persoanele aflate în centrele de cazare în vederea returnării ori expulzării, precum şi pentru persoanele care se află în timpul procedurilor necesare stabilirii identităţii şi sunt cazaţi în centrele special amenajate"
"l10n_ro_saft_tax_type_446","446","Individual health insurance contribution for persons who are undertaking measures provided in art. 105, 113 and 114 from the Penal Code and for persons who are in postponement or interruption of imprisonment sentence","Contribuţia individuală de sănătate datorată pentru persoanele care se află în executarea măsurilor prevăzute la art.105, 113, 114 din Codul penal, precum şi pentru persoanele care se află în perioada de amânare sau întrerupere a executării pedepsei privative de libertate"
"l10n_ro_saft_tax_type_447","447","Individual health insurance contribution for monastic staff of recognized religions","Contribuţia individuală de sănătate datorată pentru personalul monahal al cultelor recunoscute"
"l10n_ro_saft_tax_type_448","448","Health insurance contribution by the employer for people who are in medical leave for incapacity of work, due to a work accident or professional illnesses supported by FAAMBP, according to the Law no. 95/2006","Contribuţia de asigurări sociale de sănătate datorată de angajator pentru persoanele care se află în concediu medical pentru incapacitate de muncă, urmare unui accident de muncă sau boală profesională suportată din FAAMBP, conform Legii nr.95/2006"
"l10n_ro_saft_tax_type_449","449","Individual health insurance contribution for persons, Romanian citizens who are victims of human trafficking, for a period of maximum 12 months","Contribuţia individuală de sănătate datorată pentru persoanele, cetăţeni români, care sunt victime ale traficului de persoane, pentru o perioadă de cel mult 12 luni"
"l10n_ro_saft_tax_type_450","450","Quarterly contribution for financing medicine expenses covered from the National Fund of Health Insurance and from the Ministry of Health's budget","Contribuţie trimestriala datorata pentru medicamentele suportate din Fondul naţional unic de asigurări sociale de sănătate şi din bugetul Ministerului Sănătăţii"
"l10n_ro_saft_tax_type_451","451","Individual social insurance contribution by people with revenue from intellectual property","Contribuţia individuală de asigurări sociale datorată de persoanele care realizează venituri din drepturi de proprietate intelectuală "
"l10n_ro_saft_tax_type_452","452","Individual social insurance contribution by people with revenue from activities performed under contracts / civil agreements concluded according to the Civil Code as well as agent's contract","Contribuţia individuală de asigurări sociale datorată de persoanele care realizează venituri din activităţi desfăşurate în baza contractelor/convenţiilor civile încheiate potrivit Codului civil, precum şi a contractelor de agent"
"l10n_ro_saft_tax_type_453","453","Individual social insurance contribution by people with revenue from technical, judicial and extrajudicial expertise","Contribuţia individuală de asigurări sociale datorată de persoanele care realizează venituri din activitatea de expertiză contabilă şi tehnică, judiciară şi extrajudiciară"
"l10n_ro_saft_tax_type_454","454","Social insurance contribution by people with revenues from independent activities, agricultural activities and associations without legal persons","Contributii de asigurari sociale de stat datorate de persoane care realizeaza venituri din activitati independente, activitati agricole si asocieri fara personalitate juridica"
"l10n_ro_saft_tax_type_455","455","Quarterly contribution for Cost-volume / cost-volume-outcome contracts","Contribuţie trimestrială datorată pentru  contractele cost-volum/cost-volum-rezultat"
"l10n_ro_saft_tax_type_456","456","Contribution for amount of medicines consumed exceeding volumes determined by contracts","Contribuţie datorată pentru volume de medicamente consumate care depăşesc volumele stabilite prin contracte"
"l10n_ro_saft_tax_type_457","457","CASS owed by retired persons who exceed the ceiling of 4000 lei","CASS datorată de pensionari care depășesc plafonul de 4000 lei"
"l10n_ro_saft_tax_type_458","458","CAS payed by employer/tax payer (art.146 alin. 5^6 from Fiscal Code)","CAS suportat de angajator/plătitorul de venit (art.146 alin. 5^6 din CF)"
"l10n_ro_saft_tax_type_459","459","CASS payed by employer/tax payer (art.168 alin. 6^1 from Fiscal Code)","CASS suportat de angajator/plătitorul de venit (art.168 alin. 6^1 din CF)"
"l10n_ro_saft_tax_type_460","460","Health insurance contribution by natural persons - regularizations","Contributia de asigurari sociale de sanatate datorata de persoane fizice - Regularizari"
"l10n_ro_saft_tax_type_461","461","Individual health insurance contribution by people with revenues from intellectual property rights","Contribuţia individuală de asigurări sociale de sănătate datorată de persoanele care realizează venituri din drepturi de proprietate intelectuală"
"l10n_ro_saft_tax_type_462","462","Individual health insurance contribution by people with revenue from activities performed under contracts / civil agreements concluded according to the Civil Code as well as agent's contract","Contribuţia individuală de asigurări sociale de sănătate datorată de persoanele care realizează venituri din activităţi desfăşurate în baza contractelor/convenţiilor civile încheiate potrivit Codului civil, precum şi a contractelor de agent"
"l10n_ro_saft_tax_type_463","463","Individual health insurance contribution by people with revenue from technical, judicial and extrajudicial expertise","Contribuţia individuală de asigurări sociale de sănătate care realizează venituri din activitatea de expertiză contabilă şi tehnică, judiciară şi extrajudiciară"
"l10n_ro_saft_tax_type_464","464","Individual health insurance contribution by people with revenues from an association with a micro-enterprise, according to the IV^1 Title from the Fiscal Code, which is not a legal person","Contribuţia individuală de asigurări sociale de sănătate datorată de persoanele care realizează venitul obţinut dintr-o asociere cu o  microintreprindere, potrivit titlului IV^1 din Codul Fiscal, care nu generează o persoană juridică"
"l10n_ro_saft_tax_type_465","465","Individual health insurance contribution by people with revenues, withholding income tax from associations with no legal persons referred in art. 13 letter e) from Tax Code","Contribuţia individuală de asigurări sociale de sănătate  datorată de  persoanele care realizează venituri, în regim de reţinere la sursă a impozitului pe venit, din asocierile fără personalitate juridică prevăzute la art. 13 lit. e) din Codul Fiscal"
"l10n_ro_saft_tax_type_466","466","Individual health insurance contribution by people with revenues, withholding tax on income from agricultural associations referred in art. 71 letter d) from Tax Code","Contribuţia individuală de asigurări sociale de sănătate  datorată de  persoanele care realizează venituri, în regim de reţinere la sursă a impozitului pe venit, din activităţile agricole prevăzute la art. 71 lit. d) din Codul Fiscal"
"l10n_ro_saft_tax_type_467","467","Individual contribution to social security (OMEF1646/2007)","Contributii individuale asigurari sociale (OMEF1646/2007)"
"l10n_ro_saft_tax_type_468","468","Individual health insurance contribution by people with revenues from independent activities or by people with no revenue","Contributia de asigurari sociale de sanatate datorate de persoanele care realizeaza venituri din activati independente si persoanele care nu realizeaza venituri"
"l10n_ro_saft_tax_type_469","469","Individual health insurance contribution by people with revenues from leases of agricultural goods, withholding income tax","Contribuţia individuală de asigurări sociale de sănătate datorată de persoanele care realizează venituri din arendarea bunurilor agricole, în regim de reţinere la sursă a impozitului pe venit"
"l10n_ro_saft_tax_type_470","470","Individual health insurance contribution by people with revenues from granting property","Contribuţia individuală de asigurări sociale de sănătate datorată de persoanele care realizează venituri din cedarea folosintei bunurilor"
"l10n_ro_saft_tax_type_471","471","The individual contribution for the social health insurance due by the persons with incomes obtained from an association with a taxpayer legal person, according to title II of the Fiscal Code","Contribuția individuală de asigurări sociale de sănătate datorată de persoanele care realizează venituri obținute dintr-o asociere cu o persoană juridică contribuabil, potrivit titlului II din Codul fiscal"
"l10n_ro_saft_tax_type_472","472","The contribution for the social health insurance due by the persons who realize incomes obtained from the association with a legal person, taxpayer, according to Law no. 170/2016 regarding the specific tax","Contribuția de asigurări sociale de sănătate datorată de persoanele care realizează venituri obținute din asocierea cu o persoană juridică, contribuabil, potrivit Legii nr. 170/2016 privind impozitul specific"
"l10n_ro_saft_tax_type_473","473","The social insurance contribution due by the natural persons who realize incomes based on the sports activity contracts","Contribuția de asigurări sociale datorată de persoanele fizice care realizează venituri în baza contractelor de activitate sportivă"
"l10n_ro_saft_tax_type_474","474","Social health insurance contribution due by individuals who earn income based on sports activity contracts","Contribuția de asigurări sociale de sănătate datorată de persoanele fizice care realizează venituri în baza contractelor de activitate sportivă"
"l10n_ro_saft_tax_type_475","475","Social insurance contributions related to the Unique Declaration","Contribuții de asigurări sociale aferente declarației unice"
"l10n_ro_saft_tax_type_476","476","Social health insurance contributions related to the Unique Declaration","Contribuții de asigurări sociale de sănătate aferente declarației unice"
"l10n_ro_saft_tax_type_480","480","Insurance contribution for labour","Contribuție asiguratorie pentru muncă"
"l10n_ro_saft_tax_type_481","481","Social insurance contribution due in case of speccific working conditions","Contribuția de asigurări sociale datorată în cazul condițiilor deosebite de muncă"
"l10n_ro_saft_tax_type_482","482","Social insurance contribution due in case of special working conditions","Contribuția de asigurări sociale datorată în cazul condițiilor speciale de muncă"
"l10n_ro_saft_tax_type_483","483","The social insurance contribution, due by the natural persons who carry out their activity in the field of constructions according to art. 60 point 5 of Law no. 227/2015 on the Fiscal Code","Contribuția de asigurări sociale, datorată de către persoanele fizice și care își desfăsoară activitatea în domeniul construcțiilor conform art. 60 pct. 5 din Legea nr. 227/2015 privind Codul fiscal"
"l10n_ro_saft_tax_type_484","484","The insurative contribution for labour, due by employers who carry out the activity in the field of constructions according to art. 60 point 5 of Law no. 227/2015 on the Fiscal Code","Contribuția asiguratorie pentru muncă, datorată de angajatori și care desfăsoară activitatea în domeniul construcțiilor conform art. 60 pct. 5 din Legea nr.227/2015 privind Codul fiscal"
"l10n_ro_saft_tax_type_485","485","Social insurance contributions due by insured persons on the basis of an insurance contract","Contribuții de asigurări sociale datorate de persoane asigurate pe baza de contract de asigurare"
"l10n_ro_saft_tax_type_486","486","Social insurance contribution for agriculture (art.60 pct. 7 from Fiscal Code)","CAS agricultură (art.60 pct. 7 din CF)"
"l10n_ro_saft_tax_type_500","500","Tax on gambling","Taxa jocuri de noroc"
"l10n_ro_saft_tax_type_501","501","Tax on gambling in advance or monthly during gambling license availability","Taxa pe jocuri de noroc datorata anticipat sau lunar pe perioada de valabilitate a licentei de exploatare a jocurilor de noroc"
"l10n_ro_saft_tax_type_502","502","Periodically regulated tax on gambling according to income within reporting time","Taxa pe jocuri de noroc regularizata periodic in functie de realizari, datorata     pentru perioada de raportare"
"l10n_ro_saft_tax_type_503","503","Gambling social stamp tax","Taxa de timbru social asupra jocurilor de noroc"
"l10n_ro_saft_tax_type_504","504","Periodically regulated annual gambling authorization fee, according to income","Taxa anuală de autorizare a jocurilor de noroc, regularizată periodic, în funcţie de realizări"
"l10n_ro_saft_tax_type_510","510","Duty for organizing and operating gambling activities due until 01.01.2014","Taxe pentru organizarea şi exploatarea jocurilor de noroc, datorate pana la 01.01.2014"
"l10n_ro_saft_tax_type_511","511","Gambling license duty for lottery games","Taxe aferente licenţei de organizare a jocurilor de noroc pentru jocurile loto"
"l10n_ro_saft_tax_type_512","512","Gambling license duty for totalizator","Taxe aferente licenţei de organizare a jocurilor de noroc pentru pariuri mutuale"
"l10n_ro_saft_tax_type_513","513","Gambling license duty for fixed odds betting","Taxe aferente licenţei de organizare a jocurilor de noroc pentru pariuri în cotă fixă"
"l10n_ro_saft_tax_type_514","514","Gambling license duty for casino activities","Taxe aferente licenţei de organizare a jocurilor de noroc pentru jocuri de noroc caracteristice activităţii cazinourilor"
"l10n_ro_saft_tax_type_515","515","Gambling license duty for slot-machines","Taxe aferente licenţei de organizare a jocurilor de noroc pentru jocuri tip slot-machine"
"l10n_ro_saft_tax_type_516","516","Gambling license duty for bingo halls","Taxe aferente licenţei de organizare a jocurilor de noroc pentru jocurile bingo desfăşurate în săli de joc"
"l10n_ro_saft_tax_type_517","517","Gambling license duty for TV bingo games","Taxe aferente licenţei de organizare a jocurilor de noroc pentru jocurile bingo organizate prin intermediul sistemelor reţelelor TV"
"l10n_ro_saft_tax_type_518","518","Authorization duty for operating gambling for lottery games","Taxe aferente autorizaţiei de exploatare a jocurilor de noroc pentru jocurile loto"
"l10n_ro_saft_tax_type_519","519","Authorization duty for operating gambling for totalizator","Taxe aferente autorizaţiei de exploatare a jocurilor de noroc pentru pariuri mutuale"
"l10n_ro_saft_tax_type_520","520","Authorization duty for operating gambling for fixed odds betting","Taxe aferente autorizaţiei de exploatare a jocurilor de noroc pentru pariuri în cotă fixă"
"l10n_ro_saft_tax_type_521","521","Authorization duty for operating gambling for casino activities","Taxe aferente autorizaţiei de exploatare a jocurilor de noroc pentru jocuri de noroc caracteristice activităţii cazinourilor"
"l10n_ro_saft_tax_type_522","522","Authorization duty for operating gambling for slot-machines","Taxe aferente autorizaţiei de exploatare a jocurilor de noroc pentru jocuri tip slot-machine"
"l10n_ro_saft_tax_type_523","523","Authorization duty for operating gambling for bingo halls","Taxe aferente autorizaţiei de exploatare a jocurilor de noroc pentru jocurile bingo desfăşurate în săli de joc"
"l10n_ro_saft_tax_type_524","524","Authorization duty for operating gambling for TV bingo games","Taxe aferente autorizaţiei de exploatare a jocurilor de noroc pentru jocurile bingo organizate prin intermediul sistemelor reţelelor TV"
"l10n_ro_saft_tax_type_535","535","Gambling access fee","Taxa de acces pentru jocurile de noroc"
"l10n_ro_saft_tax_type_536","536","Duty for obtaining license for organizing gambling activities","Taxa pentru obţinerea licenţei de organizare a jocurilor de noroc"
"l10n_ro_saft_tax_type_537","537","Annual duty for obtaining authorization for operating gambling games","Taxa anuală pentru obţinerea autorizaţiei de exploatare a jocurilor de noroc"
"l10n_ro_saft_tax_type_538","538","Special fee for video lottery","Taxa specială pentru videoloterie"
"l10n_ro_saft_tax_type_539","539","Addiction fee for slotmachine gaming features","Taxa de viciu pentru jocurile de noroc caracteristice slotmachine"
"l10n_ro_saft_tax_type_540","540","Administrative fees for applying for a license for remote gambling","Taxe administrative pentru solicitarea licenței pentru jocurile de noroc la distanță"
"l10n_ro_saft_tax_type_541","541","Monthly fee calculated on the total participation fees collected monthly, due by the organizers of online gambling, provided in GEO 77/2009 on the organization and operation of gambling","Taxa lunară calculată la totalul taxelor de participare încasate lunar, datorată de organizatorii de jocuri de noroc online, prevazută în OUG 77/2009 privind organizarea și exploatarea jocurilor de noroc"
"l10n_ro_saft_tax_type_551","551","Fee owed to the Romanian Olympic and Sports Committee","Taxa datorata Comitetului Olimpic si Sportiv Roman"
"l10n_ro_saft_tax_type_552","552","Fee owed to the Romanian Paralympic Committee","Taxa datorata Comitetului Paralimpic Roman"
"l10n_ro_saft_tax_type_600","600","Income tax","Impozit pe venit"
"l10n_ro_saft_tax_type_601","601","Income tax from independent services","Impozit pe veniturile din activitati independente"
"l10n_ro_saft_tax_type_602","602","Payroll taxes","Impozit pe veniturile din salarii si asimilate salariilor"
"l10n_ro_saft_tax_type_603","603","Tax on property and granting property","Impozit pe veniturile din cedarea folosintei bunurilor"
"l10n_ro_saft_tax_type_604","604","Tax on dividends for natural persons","Impozit pe veniturile din dividende distribuite persoanelor fizice"
"l10n_ro_saft_tax_type_605","605","Interest tax","Impozit pe veniturile din dobanzi"
"l10n_ro_saft_tax_type_606","606","Liquidation / dissolution without liquidation of a legal person income tax","Impozite pe veniturile din lichidare/dizolvare fara lichidare a unei persoane juridice"
"l10n_ro_saft_tax_type_607","607","Pensions income tax","Impozit pe veniturile din pensii"
"l10n_ro_saft_tax_type_608","608","Financial awards income tax","Impozit pe veniturile din premii"
"l10n_ro_saft_tax_type_609","609","Transfer of ownership of securities income tax","Impozit pe castigul din transferul dreptului de proprietate asupra titlurilor de valoare"
"l10n_ro_saft_tax_type_610","610","Regularizations","Regularizari"
"l10n_ro_saft_tax_type_611","611","Intellectual property income tax","Impozit pe veniturile din drepturi de proprietate intelectuala"
"l10n_ro_saft_tax_type_612","612","Tax on incomes obtained in Romania by non-residents - individuals, collected up to 31/01/2014","Impozit pe veniturile obtinute din Romania de nerezidenti - persoane fizice, incasate pana la 31.01.2014"
"l10n_ro_saft_tax_type_613","613","Tax on income from agricultural activities","Impozit aferent veniturilor din activitati agricole"
"l10n_ro_saft_tax_type_614","614","Tax on income from the sale of assets in a consignment and from activities carried out under an agent contract, commission or commercial mandate","Impozit pe veniturile obtinute din valorificarea de bunuri in regim de consignatie si din activitatile desfasurate pe baza unui contract de agent, comision sau mandat comercial"
"l10n_ro_saft_tax_type_615","615","Tax on income from accounting, technical, judicial and extrajudicial expertise","Impozit pe veniturile din activitatea de expertiza contabila si tehnica judiciara si extrajudiciara"
"l10n_ro_saft_tax_type_616","616","Tax on income from activities performed under contracts / civil agreements concluded according to the Civil Code and agent contracts","Impozit pe veniturile din activităţi desfăşurate în baza contractelor/ convenţiilor civile încheiate potrivit Codului civil, precum şi a contractelor de agent"
"l10n_ro_saft_tax_type_617","617","Tax on income from sale operations - buying foreign currency, other than those with financial instruments traded on authorized markets","Impozit pe castingul din operatiuni de vanzare - cumparare de valute la termen, altele decat cele cu instrumente financiare tranzactionate pe piete autorizate"
"l10n_ro_saft_tax_type_618","618","Tax on income from commercial activities - tax on income based on conventions / civil contracts concluded according to the Civil Code","Impozit pe veniturile din activitati comerciale - impozit pe veniturile realizate in baza unor conventii/ contracte civile incheiate in conditiile codului civil"
"l10n_ro_saft_tax_type_619","619","Leasing agricultural goods income tax","Impozit pe veniturile din arendarea bunurilor agricole"
"l10n_ro_saft_tax_type_620","620","Transfer of real estates from the personal property income tax","Impozit pe veniturile din transferal proprietarilor imobiliare din patrimonial personal"
"l10n_ro_saft_tax_type_621","621","Gambling income tax","Impozit pe veniturile din jocuri de noroc"
"l10n_ro_saft_tax_type_622","622","Income tax for individuals' income from an association with a taxpayer legal entity, according to Title II of the Fiscal Code","Impozit pe veniturile realizate de persoanele fizice dintr-o asociere cu o persoană juridică contribuabil, potrivit titlului II din Codul fiscal"
"l10n_ro_saft_tax_type_623","623","Income tax on natural persons' income from an association with a taxable legal person, according to title III of the Fiscal Code","Impozit pe veniturile realizate de persoanele fizice dintr-o asociere cu o persoană juridică contribuabil, potrivit titlului III din Codul fiscal"
"l10n_ro_saft_tax_type_624","624","Tax on incomes obtained by individuals from an association with a taxpayer legal entity, according to Law no. 170/2016","Impozit pe veniturile obținute de persoanele fizice dintr-o asociere cu o persoană juridică contribuabil, potrivit Legii nr.170/2016"
"l10n_ro_saft_tax_type_625","625","Tax on incomes realized by natural persons from independent activity realized on the basis of sports activity contracts.","Impozit pe veniturile realizate de persoanele fizice din activități independente realizate în baza contractelor de activitate sportivă"
"l10n_ro_saft_tax_type_626","626","Advance payments of the tax for some incomes from independent activities, as well as for incomes from other sources provided in art. 114 para. (2) lit. k ^ 1) of Law 227/2015","Plăți anticipate ale impozitului pentru unele venituri din activități independente, precum și pentru venituri din alte surse prevăzute la art. 114 alin.(2) lit. k ^ 1) din Legea 227/2015"
"l10n_ro_saft_tax_type_631","631","Tax on income from dividends obtained in Romania by non-residents","Impozit pe veniturile din dividende obţinute din România de persoane nerezidente"
"l10n_ro_saft_tax_type_632","632","Tax on income from interests obtained in Romania by non-residents","Impozit pe veniturile din dobânzi obţinute din România de persoane nerezidente"
"l10n_ro_saft_tax_type_633","633","Tax on income from royalties obtained in Romania by non-residents","Impozit pe veniturile din redevenţe obţinute din România de persoane nerezidente"
"l10n_ro_saft_tax_type_634","634","Tax on income from commissions obtained in Romania by non-residents","Impozit pe veniturile din comisioane obţinute din România de persoane nerezidente"
"l10n_ro_saft_tax_type_635","635","Tax on income obtained in Romania by non-residents from sports and entertainment activities","Impozit pe veniturile obţinute din România de persoane nerezidente din activităţi sportive şi de divertisment"
"l10n_ro_saft_tax_type_636","636","Tax on income from services provided in Romania and outside Romania by non-residents","Impozit pe veniturile din servicii prestate în România şi în afara României de persoane nerezident"
"l10n_ro_saft_tax_type_637","637","Tax on income obtained by non-residents individuals from financial award granted at contests held in Romania","Impozit pe veniturile obţinute de persoane fizice nerezidente din premii acordate la concursuri organizate în România"
"l10n_ro_saft_tax_type_638","638","Tax on income obtained from gambling in Romania by non-residents","Impozit pe veniturile obţinute la jocuri de noroc practicate în România de persoane fizice nerezidente"
"l10n_ro_saft_tax_type_639","639","Tax on income obtained by liquidation of a legal person by non-residents","Impozit pe venituri din lichidarea unei persoane juridice române realizate de persoane nerezidente"
"l10n_ro_saft_tax_type_640","640","Tax on income representing remunerations received by non-resident legal persons who act as administrator, founder or member of a board of directors of a Romanian legal person","Impozit pe veniturile reprezentând remuneraţii primite de persoane juridice nerezidente care au calitatea de administrator, fondator sau membru al consiliului de administraţie al unei persoane juridice române"
"l10n_ro_saft_tax_type_641","641","Tax on income from the transfer of fiduciary patrimony from the fiduciary to non-resident beneficiary","Impozit pe veniturile realizate din transferul masei patrimoniale fiduciare de la fiduciar la beneficiarul nerezident"
"l10n_ro_saft_tax_type_642","642","Tax on income from the transfer of securities and operations with derivative financial instruments","Impozit pe veniturile din transferul titlurilor de valoare si din operatiuni cu instrumente financiare derivate"
"l10n_ro_saft_tax_type_675","675","Income tax related to the Unique Declaration","Impozit pe venit aferent declarației unice"
"l10n_ro_saft_tax_type_690","690","Tax on income from other sources","Impozit pe veniturile din alte surse"
"l10n_ro_saft_tax_type_699","699","Payroll Taxes (residual)","Impozit pe salarii (restante)"
"l10n_ro_saft_tax_type_701","701","Property tax","Impozit pe construcţii"
"l10n_ro_saft_tax_type_708","708","Contribution to the energy transition fund","Contributie la Fondul de Tranzitie Energetica"
"l10n_ro_saft_tax_type_709","709","Solidarity contribution","Contributia de solidaritate"
"l10n_ro_saft_tax_type_710","710","Natural gas and oil intern production tax","Impozit la titeiul si la gazele naturale din productia interna"
"l10n_ro_saft_tax_type_711","711","Tax on additional income obtained as a result of the natural gas prices deregulation","Impozit asupra veniturilor suplimentare obtinute ca urmare a dereglementarii preturilor din sectorul gazelor naturale"
"l10n_ro_saft_tax_type_712","712","Tax on income from exploitation activities of natural resources, others than natural gas","Impozit pe veniturile din activitatile de exploatare a resurselor naturale, altele decat gazele naturale"
"l10n_ro_saft_tax_type_713","713","Tax on natural monopoly of the energy and natural gas sectors","Impozit pe monopolul natural din sectorul energiei electrice si al gazului natural"
"l10n_ro_saft_tax_type_720","720","Tax on nocive activities to human health","Taxa asupra activitatilor daunatoare sanatatii"
"l10n_ro_saft_tax_type_721","721","Penalties not paid on time","Penalitati neachitare la termen"
"l10n_ro_saft_tax_type_725","725","Tax and tariffs on the issuing of licenses and operation authorizations","Taxe si tarife pentru eliberarea de licente si autorizatii de functionare"
"l10n_ro_saft_tax_type_730","730","Share of the income realized by the Romanian legal persons provided at art. 2, letter a) from the OG no. 47/1998 regarding the establishment and use of the Special Fund of civil aviation","Cota din veniturile realizate de persoanele juridice romane care presteaza activitatile prevazute la art.2 lit.a) din OG nr.47/1998 privind constituirea si utilizarea Fondului special al aviatiei civile"
"l10n_ro_saft_tax_type_735","735","Share applied to the monthly wages fund, including monthly gainings achieved by individuals (art. 53/OUG no. 102/1999)","Cota aplicata fondului de salarii realizat lunar, inclusiv asupra castigurilor realizate lunar de colaboratori persoane fizice (art.53/OUG nr.102/1999)"
"l10n_ro_saft_tax_type_740","740","Social stamp tax on the value of imported new vehicles with engine capacity of more than 2000 cm3","Taxa de timbru social asupra valorii autovehiculelor noi din import, cu capacitate cilindrica de minimum 2000cm3"
"l10n_ro_saft_tax_type_750","750","Tax on prospecting, exploration, resource exploitation","Taxa pe activitatea de prospectiune, explorare, exploatare a resurselor minerale"
"l10n_ro_saft_tax_type_751","751","Directed income from the flat tax on automotive fuels delivered internally by producers as well as automotive fuels consumed and imported by them","Venituri cu destinatie speciala din cota unica asupra carburantilor auto livrati la intern de producatori precum si pentru carburantii auto consumati de acestia si asupra carburantilor auto importati"
"l10n_ro_saft_tax_type_752","752","Refund for advanced state judicial expenses","Venituri din recuperarea cheltuielilor judiciare avansate de stat"
"l10n_ro_saft_tax_type_753","753","Income from the recovery of payments in advance for state legal expenses from non-residents","Venituri din recuperarea cheltuielilor judiciare avansate de stat de la persoanele nerezidente"
"l10n_ro_saft_tax_type_754","754","Compensation related to the right of passage (tool-tax) in exchange for the limitations brought to the right of use","Compensații aferente dreptului de trecere în schimbul limitărilor aduse dreptului de folosință"
"l10n_ro_saft_tax_type_755","755","Mining royalties","Redevente miniere"
"l10n_ro_saft_tax_type_756","756","Oil royalties","Redevente petroliere"
"l10n_ro_saft_tax_type_757","757","Other revenues from concessions and rentals of Public Institutions","Alte venituri din concesiuni si inchirieri de catre Institutii publice"
"l10n_ro_saft_tax_type_758","758","Royalties from concessions contracts, lease and other efficient exploitation of agricultural land contracts","Redevenţe rezultate din contractele de concesiune, arendă şi alte contracte de exploatare eficientă a terenurilor cu destinaţie agricolă"
"l10n_ro_saft_tax_type_759","759","Compensation for all damages caused by the exercise of the right of passage","Despăgubiri acordate pentru toate pagubele cauzate prin exercitarea dreptului de trecere"
"l10n_ro_saft_tax_type_760","760","Development tax included in the tariff of electricity and heating","Taxa de dezvoltare cuprinsa in tariful energiei electrice si termice"
"l10n_ro_saft_tax_type_761","761","Judicial stamp taxes","Taxe judiciare de timbru"
"l10n_ro_saft_tax_type_762","762","Incomes from judicial stamp","Venituri din timbru judiciar"
"l10n_ro_saft_tax_type_763","763","Tax on financial aassets","Taxa pe activele financiare"
"l10n_ro_saft_tax_type_765","765","Income from the application of the extinctive prescription","Venituri din aplicarea prescriptiei extinctive"
"l10n_ro_saft_tax_type_770","770","Income tax from higher education institutions","Taxa din veniturile institutiilor de invatamant superior"
"l10n_ro_saft_tax_type_771","771","Income from custom benefits tax","Venituri din taxe pentru prestatii vamale"
"l10n_ro_saft_tax_type_772","772","Consular fees","Taxe consulare"
"l10n_ro_saft_tax_type_773","773","Income from technical, judicial and extrajudicial expertise","Venituri din expertiza tehnica, judiciara si extrajudiciara"
"l10n_ro_saft_tax_type_774","774","Income from provision of services","Venituri din prestari servicii"
"l10n_ro_saft_tax_type_776","776","Car pollution tax, compensated/ refunded","Taxa de poluare pentru autovehicule, de compensat/restituit"
"l10n_ro_saft_tax_type_777","777","Fees and other income from environmental protection","Taxe si alte venituri din protectia mediului"
"l10n_ro_saft_tax_type_778","778","Payments from public institutions' liquidities and self-financed activities","Varsaminte din disponibilitatile institutiilor publice si activitatilor autofinantat"
"l10n_ro_saft_tax_type_779","779","Special taxes for cars and vehicles at first registration in Romania","Taxe speciale pentru autoturisme si autovehicule la prima inmatriculare in Romania"
"l10n_ro_saft_tax_type_780","780","Payments from net profit of autonomous administrations","Varsaminte din profitul net al regiilor autonome"
"l10n_ro_saft_tax_type_781","781","Dividends paid to the state budget by central public authorities","Dividende de virat la bugetul de stat de către autorităţile publice centrale"
"l10n_ro_saft_tax_type_790","790","Authorization fees for marketing alcohol, alcoholic beverages, tobacco and coffee","Taxe de autorizare pentru comercializarea alcoolului, bauturilor alcoolice, produselor din tutun si a cafelei"
"l10n_ro_saft_tax_type_791","791","Environmental stamp","Timbru de mediu"
"l10n_ro_saft_tax_type_810","810","Payments from legal persons for unqualified disabled people","Varsaminte de la persoanele juridice, pentru persoanele cu handicap neincadrate"
"l10n_ro_saft_tax_type_811","811","Amounts payable due to special protection and qualification of disabled people","Sume datorate privind protectia speciala si incadrarea in munca a persoanelor cu handicap"
"l10n_ro_saft_tax_type_814","814","Income tax deducted shares","Cote defalcate din impozitul pe venit"
"l10n_ro_saft_tax_type_820","820","Contribution to public education","Contributia pentru invatamantul de stat"
"l10n_ro_saft_tax_type_825","825","Individual contribution to the state budget (pensions for military personel)","Contribuție individuală la bugetul de stat (pensie militari)"
"l10n_ro_saft_tax_type_830","830","Contribution by tourism undertakings","Contributia agentilor economici din turism"
"l10n_ro_saft_tax_type_840","840","Collections from redemption of loans granted for arrears coverage toward CONEL and ROMGAZ","Incasari din rambursarea imprumuturilor acordate pentru acoperirea arieratelor catre CONEL si ROMGAZ"
"l10n_ro_saft_tax_type_850","850","Custom duties from legal persons","Taxe vamale de la persoane juridic"
"l10n_ro_saft_tax_type_910","910","Revenues from fines and other penalties imposed by other specialized institutions","Venituri din amenzi si alte sanctiuni aplicate de catre alte institutii de specialitate"
"l10n_ro_saft_tax_type_911","911","Income for state social insurance budget from fines and other penalties imposed under legal provisions","Venituri la bugetul asigurarilor sociale de stat, din amenzi si alte sanctiuni aplicate potrivit dispozitiile legale"
"l10n_ro_saft_tax_type_912","912","Revenues from fines and other penalties imposed by the Directorate General for Tax Fraud","Venituri din amenzi si alte sanctiuni aplicate de Directia Generala Antifrauda Fiscala"
"l10n_ro_saft_tax_type_913","913","Income from fines applied to non-residents","Venituri din amenzi aplicate persoanelor nerezidente"
"l10n_ro_saft_tax_type_915","915","Collections from retained share, according to the Penal Code","Incasari din cota retinuta, conform Codului penal"
"l10n_ro_saft_tax_type_916","916","Refunds from budget financing of previous years","Restituiri de fonduri din finantarea bugetara a anilor precedenti"
"l10n_ro_saft_tax_type_920","920","Penalties for failure to file or late filing of the declaration of taxes","Penalitati pentru nedepunerea sau depunerea cu intarziere a declaratiei de impozite si taxe"
"l10n_ro_saft_tax_type_921","921","Penalties due to scheduled payments","Penalitati datorate in cazul esalonarilor la plata"
"l10n_ro_saft_tax_type_922","922","Income from compensations","Venituri din despagubiri"
"l10n_ro_saft_tax_type_923","923","Collections from the sale of seized, abandoned goods and other amounts identified with the appropriate seizure law","Incasari din valorificarea bunurilor confiscate, abandonate si alte sume constatate odata cu confiscarea potrivit legii"
"l10n_ro_saft_tax_type_924","924","Court fines","Amenzi judiciare"
"l10n_ro_saft_tax_type_925","925","Increases due to revenue not paid on time","Majorari de intarziere pentru venituri nevarsate la termen"
"l10n_ro_saft_tax_type_926","926","Other fines, penalties and confiscations","Alte amenzi, penalitati si confiscari"
"l10n_ro_saft_tax_type_927","927","Non-tax fileing penalties","Penalități de nedeclarare"
"l10n_ro_saft_tax_type_930","930","Tax on profits earned from illicit commercial activities or from not respecting the laws regarding consumer protection","Impozit pe profitul obtinut din activitati comerciale ilicite sau din nerespectarea legii privind protectia consumatorilor"
"l10n_ro_saft_tax_type_931","931","Other direct tax collection","Alte incasari din impozite directe"
"l10n_ro_saft_tax_type_932","932","Encashments from the capitalization of confiscated, abandoned goods and other amounts ascertained together with the confiscation according to the law","Încasări din valorificarea bunurilor confiscate, abandonate și alte sume constatate odată cu confiscarea potrivit legii"
"l10n_ro_saft_tax_type_933","933","Encashments from the capitalization of confiscated, abandoned goods and other amounts ascertained together with the confiscation according to the law by the General Directorate for Fiscal Antifraud","Încasări din valorificarea bunurilor confiscate, abandonate și alte sume constatate odata cu confiscarea potrivit legii de către Direcția Generală Antifraudă Fiscală"
"l10n_ro_saft_tax_type_940","940","Quarterly contribution for financing health services expenses","Contribuţia trimestriala pentru finanţarea unor cheltuieli în domeniul sănătăţii"
"l10n_ro_saft_tax_type_941","941","Contribution to health services expenses for domestic tobacco production","Contributia pentru finantarea unor cheltuieli de sanatate pentru produsele din tutun din productia interna"
"l10n_ro_saft_tax_type_942","942","Contribution to health services expenses for imported tobacco products","Contributia pentru finantarea unor cheltuieli de sanatate pentru produsele din tutun din achizitii intracomunitare/import"
"l10n_ro_saft_tax_type_943","943","Contribution to health services expenses for intern alcoholic beverages products production","Contributia pentru finantarea unor cheltuieli de sanatate pentru bauturile alcoolice din productia interna"
"l10n_ro_saft_tax_type_944","944","Contribution to health services expenses for imported alcoholic beverages","Contributia pentru finantarea unor cheltuieli de sanatate pentru bauturile alcoolice din achizitii intracomunitare/ import"
"l10n_ro_saft_tax_type_945","945","Contribution to health services expenses from publicity activities on tobacco and alcoholic beverages products","Contributia pentru finantarea unor cheltuieli de sanatate din activitati publicitare la produsele din tutun si bauturi alcoolice"
"l10n_ro_saft_tax_type_946","946","Quarterly contribution to medications covered from the National Fund of Health Insurance and from the Ministry of Health's budget, outstanding at 1 October 2011","Contribuţie trimestriala datorata pentru medicamentele suportate din Fondul naţional unic de asigurări sociale de sănătate şi din bugetul Ministerului Sănătăţii, aflate în sold, la data de 1 octombrie 2011 şi neachitate"
"l10n_ro_saft_tax_type_947","947","Available from cars emission tax","Disponibil din taxe pentru emisiile poluante provenite de la autovehicule"
"l10n_ro_saft_tax_type_950","950","Income from capitalization of public goods","Venituri din valorificarea unor bunuri ale institutiilor publice"
"l10n_ro_saft_tax_type_951","951","Amounts of debt collection from undue rights","Sume din recuperarea debitelor provenite din drepturi necuvenite"
"l10n_ro_saft_tax_type_952","952","Income from recovery of court fees, imputations and compensations","Venituri din recuperarea cheltuielilor de judecata, imputatii si despagubiri"
"l10n_ro_saft_tax_type_953","953","Other incomes from capitalization of assets","Alte venituri din valorificarea unor bunuri"
"l10n_ro_saft_tax_type_954","954","Amounts from the recovery of debts arising from undue income related to the state budget","Sume din recuperarea debitelor provenite din drepturile necuvenite aferente bugetului de stat"
"l10n_ro_saft_tax_type_955","955","Hedge fund","Fond de risc"
"l10n_ro_saft_tax_type_956","956","Revenue from the recovery of the State Aids","Venituri din ajutoare de stat recuperate"
"l10n_ro_saft_tax_type_957","957","Income from expenses recovery incurred in the process of foreclosure","Venituri din recuperarea cheltuielilor efectuate in cursul procesului de executare silita"
"l10n_ro_saft_tax_type_958","958","Amounts from the recovery of debts arising from undue rights related to the public pension system","Sume din recuperarea debitelor provenite din drepturile necuvenite aferente sistemului public de pensii"
"l10n_ro_saft_tax_type_959","959","Amounts from the recovery of debts arising from undue rights related to the insurance system for accidents at work and occupational diseases","Sume din recuperarea debitelor provenite din drepturile necuvenite aferente sistemului de asigurare pentru accidente de munca și boli profesionale"
"l10n_ro_saft_tax_type_960","960","Payments from salary reduction","Vărsăminte din reducerea drepturilor salariale"
"l10n_ro_saft_tax_type_961","961","Income from commission charged by territorial labor inspectorates due until 31 December 2010","Venituri din comisionul perceput de catre inspectoratele teritoriale de munca, datorat pana la data de 31 decembrie 2010"
"l10n_ro_saft_tax_type_970","970","Other income","Alte venituri"
"l10n_ro_saft_tax_type_971","971","Income from guarantees granted and paid to credit institutions within <PRIMA CASA> program","Venituri rezultate din garantiile acordate si platite institutiilor de credit in cadrul programului <PRIMA CASA>"
"l10n_ro_saft_tax_type_972","972","Receivables recovered by joint liability","Creante recuperate in urma atragerii raspunderii solidare"
"l10n_ro_saft_tax_type_981","981","Refund of budgetary financing of previous years - SB","Restituiri fonduri din finantarea bugetara a anilor precedenti - BS"
"l10n_ro_saft_tax_type_982","982","Refund of budgetary financing of previous years - BCAS","Restituiri fonduri din finantarea bugetara a anilor precedenti - BCAS"
"l10n_ro_saft_tax_type_983","983","Refund of budgetary financing of previous years - BSAN","Restituiri fonduri din finantarea bugetara a anilor precedenti - BSAN"
"l10n_ro_saft_tax_type_984","984","Refund of budgetary financing of previous years - BSOM","Restituiri fonduri din finantarea bugetara a anilor precedenti - BSOM"
"l10n_ro_saft_tax_type_985","985","Receivables compensation SB","Venituri din compensarea creantelor din despagubiri BS"
"l10n_ro_saft_tax_type_986","986","Receivables compensation CAS (contributions to the social health fund)","Venituri din compensarea creantelor din despagubiri CAS"
"l10n_ro_saft_tax_type_987","987","Receivables compensation CASS (contributions to the social welfare found)","Venituri din compensarea creantelor din despagubiri CASS"
"l10n_ro_saft_tax_type_988","988","Receivables compensation SOMAJ (unemployment contributions)","Venituri din compensarea creantelor din despagubiri SOMAJ"
"l10n_ro_saft_tax_type_990","990","Amounts representing income tax and social contributions due by individuals being distributed","Sume reprezentând impozit pe venit și contribuții sociale datorate de persoanele fizice în curs de distribuire"
"l10n_ro_saft_tax_type_991","991","Single account for non-residents","Cont unic nerezidenti"
"l10n_ro_saft_tax_type_992","992","State budget income collected in the single account, ongoing distribution","Venituri ale bugetului de stat incasate in contul unic, in curs de distribuire"
"l10n_ro_saft_tax_type_993","993","Social insurance income budget collected in the single account, ongoing distribution","Venituri ale bugetelor asigurarilor sociale de stat incasate in contul unic, in curs de distribuire"
"l10n_ro_saft_tax_type_994","994","Available social insurance and special funds budgets, ongoing distribution","Disponibil al bugetelor asigurarilor sociale si fondurilor speciale, in curs de distribuire"
"l10n_ro_saft_tax_type_995","995","Available from amounts collected from deduction (bank/third party) of amounts owned to debtors","Disponibil din sume încasate din înfiinţarea popririi (bancă/terţ) asupra sumelor ce se cuvin debitorilor"
"l10n_ro_saft_tax_type_997","997","Available from amounts collected representing financial loss caused and recovered in terms of art. 10 from Law no. 241/2005","Disponibil din sume incasate reprezentand prejudiciul cauzat si recuperat in conditiile art.10 din Legea nr. 241/2005"
"l10n_ro_saft_tax_type_998","998","Amounts collected for the state budget, the state insurance budget and the budget of the Single National Health Insurance Fund, currently being distributed","Sume încasate pentru bugetul de stat, bugetul asigurarilor de stat și bugetul Fondului național unic de asigurări sociale de sănătate, în curs de distribuire"
"l10n_ro_saft_tax_type_999","999","Other taxes, fees, contributions","Alte impozite, taxe, contribuții"
